City_ID,City,Lat,Lng,Max Temp,Humidity,Cloudiness,Wind Speed,Country,Date
0,guarapari,-20.6667,-40.4975,23.27,92,100,3.69,BR,2024-01-01
1,kodiak,57.79,-152.4072,-1.27,93,100,2.57,US,2024-01-01
2,albany,42.6001,-73.9662,0.78,80,100,0.62,US,2024-01-01
3,puerto ayora,-0.7393,-90.3518,24.19,96,15,2.91,EC,2024-01-01
4,haiku-pauwela,20.9219,-156.3051,23.01,75,20,3.6,US,2024-01-01
5,talnakh,69.4865,88.3972,-31.0,100,100,1.47,RU,2024-01-01
6,howrah,22.5892,88.3103,18.0,82,0,2.06,IN,2024-01-01
7,port-aux-francais,-49.35,70.2167,5.42,78,71,14.24,TF,2024-01-01
8,port elizabeth,-33.918,25.5701,20.05,96,100,3.6,ZA,2024-01-01
9,oodweyne,9.4092,45.064,21.7,24,39,4.03,SO,2024-01-01
10,weining,26.85,104.2333,12.13,47,24,4.11,CN,2024-01-01
11,ushuaia,-54.8,-68.3,8.81,61,0,7.2,AR,2024-01-01
12,zouerate,22.7187,-12.4521,15.22,26,20,2.78,MR,2024-01-01
13,papatowai,-46.5619,169.4708,16.03,64,62,8.14,NZ,2024-01-01
14,bethel,41.3712,-73.414,3.93,76,100,0.0,US,2024-01-01
15,adamstown,-25.066,-130.1015,22.61,85,100,9.21,PN,2024-01-01
16,san patricio,28.017,-97.5169,20.92,92,2,3.87,US,2024-01-01
17,nefta,33.8731,7.8777,11.42,49,79,2.25,TN,2024-01-01
18,bridgewater,44.3835,-64.5155,-1.18,87,88,3.09,CA,2024-01-01
19,tiksi,71.6872,128.8694,-29.03,99,100,1.31,RU,2024-01-01
20,uige,-7.6087,15.0613,19.75,99,100,0.52,AO,2024-01-01
21,hithadhoo,-0.6,73.0833,26.87,83,100,5.08,MV,2024-01-01
22,mahibadhoo,3.7833,72.9667,26.6,80,100,5.1,MV,2024-01-01
23,blackmans bay,-43.0167,147.3167,18.62,69,100,5.04,AU,2024-01-01
24,whitehorse,60.7161,-135.0538,-12.57,84,75,1.03,CA,2024-01-01
25,invercargill,-46.4,168.35,15.57,76,64,9.39,NZ,2024-01-01
26,jamestown,42.097,-79.2353,1.77,99,100,0.45,US,2024-01-01
27,manistee,44.2445,-86.3242,0.01,84,100,3.09,US,2024-01-01
28,jajpur,20.85,86.3333,25.07,36,0,1.71,IN,2024-01-01
29,nguigmi,14.2495,13.1092,17.32,28,0,5.05,NE,2024-01-01
30,saldanha,-33.0117,17.9442,23.03,70,0,4.34,ZA,2024-01-01
31,iqaluit,63.7506,-68.5145,-25.15,70,20,4.63,CA,2024-01-01
32,yellowknife,62.456,-114.3525,-8.71,79,100,9.77,CA,2024-01-01
33,enewetak,11.3474,162.3373,27.14,81,100,9.04,MH,2024-01-01
34,olyokminsk,60.3736,120.4264,-13.88,97,93,1.41,RU,2024-01-01
35,tolanaro,-25.0319,46.9987,24.04,94,75,4.12,MG,2024-01-01
36,bilibino,68.0546,166.4372,-29.89,85,93,2.06,RU,2024-01-01
37,sikonge,-5.6333,32.7667,18.78,93,100,0.4,TZ,2024-01-01
38,avarua,-21.2078,-159.775,26.03,69,87,3.6,CK,2024-01-01
39,okhotsk,59.3833,143.3,-29.0,79,11,3.73,RU,2024-01-01
40,arteche,12.2645,125.4048,27.56,87,76,3.44,PH,2024-01-01
41,thurso,58.5927,-3.5259,4.36,89,100,4.87,GB,2024-01-01
42,gadzhiyevo,69.2551,33.3362,-19.03,100,99,3.75,RU,2024-01-01
43,oriximina,-1.7656,-55.8661,24.28,91,92,1.52,BR,2024-01-01
44,lebu,-37.6167,-73.65,13.04,95,99,4.02,CL,2024-01-01
45,nema,57.5067,50.5011,-20.44,93,100,6.04,RU,2024-01-01
46,sitka,57.0531,-135.33,2.94,75,100,0.0,US,2024-01-01
47,edinburgh of the seven seas,-37.0676,-12.3116,17.5,99,100,5.7,SH,2024-01-01
48,quellon,-43.1167,-73.6167,9.76,84,87,2.07,CL,2024-01-01
49,geraldton,-28.7667,114.6,30.23,35,6,9.77,AU,2024-01-01
50,ambovombe,-25.1667,46.0833,23.14,95,100,2.37,MG,2024-01-01
51,grytviken,-54.2811,-36.5092,-0.59,72,70,2.61,GS,2024-01-01
52,utrik,11.2278,169.8474,27.17,76,42,8.85,MH,2024-01-01
53,klyuchi,52.2667,79.1667,-1.93,88,100,5.85,RU,2024-01-01
54,retreat,38.8245,-85.8533,0.53,86,18,3.31,US,2024-01-01
55,brooks,50.5834,-111.8851,1.69,93,17,1.54,CA,2024-01-01
56,saint-marc,19.1082,-72.6938,23.77,82,39,3.38,HT,2024-01-01
57,fale old settlement,-9.3852,-171.2468,29.2,69,65,1.52,TK,2024-01-01
58,kargasok,59.0556,80.8572,-26.13,98,57,2.68,RU,2024-01-01
59,isafjordur,66.0755,-23.124,0.43,95,100,10.77,IS,2024-01-01
60,nar'yan-mar,67.6713,53.087,-22.16,100,56,4.02,RU,2024-01-01
61,kibaya,-5.3,36.5667,16.96,94,97,0.59,TZ,2024-01-01
62,kihoku-cho,33.2559,132.6834,11.51,49,5,3.26,JP,2024-01-01
63,mejit,10.2753,170.8646,27.21,78,7,9.04,MH,2024-01-01
64,guerrero negro,27.9769,-114.0611,15.14,69,2,1.38,MX,2024-01-01
65,margaret river,-33.95,115.0667,22.26,54,100,7.84,AU,2024-01-01
66,puerto natales,-51.7236,-72.4875,10.46,84,93,2.58,CL,2024-01-01
67,formosa do rio preto,-11.0483,-45.1931,21.22,98,96,0.56,BR,2024-01-01
68,tercan,39.7794,40.3925,-4.23,70,29,1.29,TR,2024-01-01
69,hermanus,-34.4187,19.2345,20.45,83,20,7.23,ZA,2024-01-01
70,canutama,-6.5339,-64.3831,23.56,95,60,1.11,BR,2024-01-01
71,port saint john's,-31.6229,29.5448,23.87,75,50,1.43,ZA,2024-01-01
72,chonchi,-42.6128,-73.8092,10.62,79,98,0.31,CL,2024-01-01
73,wailua homesteads,22.0669,-159.378,20.97,67,8,2.12,US,2024-01-01
74,stanley,54.868,-1.6985,4.33,93,75,3.09,GB,2024-01-01
75,letlhakeng,-24.0944,25.0298,24.79,52,100,1.36,BW,2024-01-01
76,chui,-33.6971,-53.4616,14.18,83,2,3.07,UY,2024-01-01
77,murzuq,25.9155,13.9184,9.04,60,0,1.1,LY,2024-01-01
78,puerto deseado,-47.7503,-65.8938,12.46,66,36,4.14,AR,2024-01-01
79,vershino-darasunskiy,52.35,115.5167,-13.43,76,31,1.32,RU,2024-01-01
80,ribeira grande,38.5167,-28.7,17.65,92,100,8.05,PT,2024-01-01
81,constantia,44.1833,28.65,6.5,84,43,4.67,RO,2024-01-01
82,hamilton,39.1834,-84.5333,0.43,81,39,4.47,US,2024-01-01
83,lamarque,-39.423,-65.7021,22.16,62,100,5.25,AR,2024-01-01
84,lompoc,34.6391,-120.4579,12.0,89,0,1.54,US,2024-01-01
85,nuku'alofa,-21.1333,-175.2,25.78,75,34,9.01,TO,2024-01-01
86,kashgar,39.4547,75.9797,-3.44,54,2,2.0,CN,2024-01-01
87,cidreira,-30.1811,-50.2056,18.71,78,54,2.94,BR,2024-01-01
88,olonkinbyen,70.9221,-8.7187,-4.81,61,100,4.25,SJ,2024-01-01
89,narvik,68.4384,17.4272,-9.86,71,41,3.63,NO,2024-01-01
90,atbara,17.7022,33.9864,18.03,47,0,4.46,SD,2024-01-01
91,san antonio de pale,-1.4014,5.6325,26.88,81,27,3.01,GQ,2024-01-01
92,waitangi,-43.9535,-176.5597,14.34,73,94,3.13,NZ,2024-01-01
93,bemidji,47.4736,-94.8803,-7.19,99,100,1.54,US,2024-01-01
94,kapit,2.0167,112.9333,29.71,81,90,1.15,MY,2024-01-01
95,keflavik,64.0049,-22.5624,-0.76,74,0,6.17,IS,2024-01-01
96,inhambane,-23.865,35.3833,25.99,89,20,2.57,MZ,2024-01-01
97,sakaiminato,35.55,133.2333,9.99,57,75,5.14,JP,2024-01-01
98,san juan tepa,20.2167,-99.0667,10.72,79,23,1.07,MX,2024-01-01
99,la gi,10.6667,107.7833,30.41,56,100,3.56,VN,2024-01-01
100,severo-yeniseyskiy,60.3725,93.0408,-15.42,93,100,4.34,RU,2024-01-01
101,lambayeque,-6.7011,-79.9061,22.06,83,0,6.69,PE,2024-01-01
102,hacienda huancane,-15.8222,-70.8856,4.43,75,95,1.85,PE,2024-01-01
103,fortuna,40.5982,-124.1573,10.52,96,100,1.79,US,2024-01-01
104,badger,64.8,-147.5333,-17.67,96,100,1.02,US,2024-01-01
105,west island,-12.1568,96.8225,29.99,70,40,5.14,CC,2024-01-01
106,petropavlovsk-kamchatsky,53.0452,158.6483,-10.67,70,0,5.36,RU,2024-01-01
107,wakkanai,45.4094,141.6739,-5.01,70,75,5.66,JP,2024-01-01
108,sao tome,0.3365,6.7273,27.06,79,99,2.47,ST,2024-01-01
109,tamanrasset,22.785,5.5228,5.95,31,0,0.0,DZ,2024-01-01
110,thompson,55.7435,-97.8558,-0.91,64,75,5.14,CA,2024-01-01
111,kharp,66.8014,65.8081,-27.27,96,71,2.32,RU,2024-01-01
112,yelizovo,53.1873,158.3805,-9.92,37,0,5.0,RU,2024-01-01
113,riyadh,24.6877,46.7219,15.08,62,35,4.27,SA,2024-01-01
114,atasu,48.6814,71.6433,-1.45,84,100,6.44,KZ,2024-01-01
115,revda,56.801,59.9303,-8.38,96,100,2.43,RU,2024-01-01
116,aras-asan,8.8908,126.3033,28.06,79,98,3.42,PH,2024-01-01
117,cabo san lucas,22.8909,-109.9124,21.53,73,100,1.77,MX,2024-01-01
118,marsa alam,25.0757,34.8918,19.39,67,0,4.52,EG,2024-01-01
119,lukoyanov,55.0277,44.4786,-15.23,93,100,6.04,RU,2024-01-01
120,broome,42.2506,-75.833,0.9,94,100,0.0,US,2024-01-01
121,hawaiian paradise park,19.5933,-154.9731,22.73,89,100,2.06,US,2024-01-01
122,dungannon,54.5034,-6.7672,4.73,89,16,4.73,GB,2024-01-01
123,huillapima,-28.7253,-65.9787,26.03,57,3,2.53,AR,2024-01-01
124,maua,-23.6678,-46.4614,20.76,78,94,3.73,BR,2024-01-01
125,yigo village,13.5361,144.8886,29.62,79,100,6.04,GU,2024-01-01
126,selfoss,63.9331,-20.9971,-3.32,83,97,5.99,IS,2024-01-01
127,kyzyl-suu,42.3414,78.0056,-1.81,66,73,0.29,KG,2024-01-01
128,binzhou,37.3667,118.0167,2.25,55,49,2.28,CN,2024-01-01
129,santa marta,11.2408,-74.199,29.03,75,19,8.94,CO,2024-01-01
130,rupert,42.6191,-113.6772,-3.23,93,0,0.0,US,2024-01-01
131,new norfolk,-42.7826,147.0587,18.73,50,99,3.15,AU,2024-01-01
132,san luis de la loma,17.2706,-100.8939,23.07,76,0,2.43,MX,2024-01-01
133,cockburn town,21.4612,-71.1419,25.1,70,5,8.51,TC,2024-01-01
134,labrador city,52.9463,-66.9114,-13.05,72,100,5.66,CA,2024-01-01
135,lianhe,47.1333,129.2667,-8.37,62,100,0.93,CN,2024-01-01
136,ilulissat,69.2167,-51.1,-11.99,44,19,10.8,GL,2024-01-01
137,sinop,41.7711,34.8709,7.24,78,57,3.64,TR,2024-01-01
138,galliano,29.4422,-90.2992,11.67,93,0,0.0,US,2024-01-01
139,ilhabela,-23.7781,-45.3581,22.25,86,97,3.45,BR,2024-01-01
140,aykhal,66.0,111.5,-23.05,100,100,0.57,RU,2024-01-01
141,kolonia town,6.964,158.206,29.0,84,75,3.6,FM,2024-01-01
142,tazacorte,28.629,-17.9293,17.54,59,0,3.09,ES,2024-01-01
143,malango,-2.9627,119.9001,27.31,77,76,1.53,ID,2024-01-01
144,tatarsk,55.219,75.9828,-9.11,96,100,3.95,RU,2024-01-01
145,midvagur,62.0511,-7.1939,6.46,81,100,14.92,FO,2024-01-01
146,tingo maria,-9.2895,-76.0088,20.42,98,100,0.37,PE,2024-01-01
147,fort mcmurray,56.7268,-111.381,1.77,75,20,5.14,CA,2024-01-01
148,bubaque,11.2833,-15.8333,25.96,68,15,4.39,GW,2024-01-01
149,rybinsk,58.0446,38.8426,-14.26,94,100,4.92,RU,2024-01-01
150,kuala terengganu,5.3302,103.1408,29.97,74,20,2.68,MY,2024-01-01
151,fort bragg,35.139,-79.006,7.12,77,0,1.54,US,2024-01-01
152,ust-nera,64.5667,143.2,-43.67,98,75,2.1,RU,2024-01-01
153,kattivakkam,13.2167,80.3167,29.05,58,81,5.24,IN,2024-01-01
154,kayangel,8.0823,134.7173,28.6,74,77,1.79,PW,2024-01-01
155,nishinoomote,30.7333,131.0,15.31,58,75,3.09,JP,2024-01-01
156,sola,-13.8833,167.55,27.91,79,60,7.45,VU,2024-01-01
157,magadan,59.5667,150.8,-28.04,84,23,2.97,RU,2024-01-01
158,onega,63.9061,38.1404,-30.76,100,8,0.54,RU,2024-01-01
159,tahe,52.3333,124.7333,-17.47,85,100,3.19,CN,2024-01-01
160,odemira,37.598,-8.6397,10.65,95,84,1.68,PT,2024-01-01
161,dudinka,69.4058,86.1778,-30.74,91,100,5.36,RU,2024-01-01
162,kolonia,50.9333,6.95,9.42,71,75,6.69,DE,2024-01-01
163,lionel town,17.8101,-77.2406,25.94,83,7,2.67,JM,2024-01-01
164,iskateley,67.6803,53.1512,-22.21,100,52,4.02,RU,2024-01-01
165,newnham,-41.3833,147.1333,24.53,46,40,6.17,AU,2024-01-01
166,qandala,11.472,49.8728,24.1,68,86,2.09,SO,2024-01-01
167,harper,4.375,-7.7169,26.24,84,62,2.4,LR,2024-01-01
168,ati,13.2154,18.3353,18.68,20,1,3.69,TD,2024-01-01
169,shush,32.1942,48.2436,15.91,59,67,1.4,IR,2024-01-01
170,vinces,-1.55,-79.7333,25.61,87,100,0.1,EC,2024-01-01
171,st. john's,47.5649,-52.7093,0.64,90,75,5.81,CA,2024-01-01
172,tura,25.5198,90.2201,23.52,43,0,1.03,IN,2024-01-01
173,mersa matruh,31.3525,27.2453,11.11,87,0,2.06,EG,2024-01-01
174,saudarkrokur,65.7461,-19.6394,0.86,85,100,5.8,IS,2024-01-01
175,rexburg,43.826,-111.7897,-5.32,83,0,0.0,US,2024-01-01
176,san vicente,-26.6167,-54.1333,17.98,94,26,1.11,AR,2024-01-01
177,punta arenas,-53.15,-70.9167,8.06,87,75,3.6,CL,2024-01-01
178,berdigestyakh,62.0989,126.6992,-23.7,98,100,2.17,RU,2024-01-01
179,bredasdorp,-34.5322,20.0403,19.28,84,24,6.29,ZA,2024-01-01
180,kourou,5.1552,-52.6478,23.03,82,44,2.75,GF,2024-01-01
181,kiama,-34.6833,150.8667,23.65,79,90,4.02,AU,2024-01-01
182,iguape,-24.7081,-47.5553,22.63,86,99,4.34,BR,2024-01-01
183,belyy yar,53.6039,91.3903,-2.06,50,0,9.0,RU,2024-01-01
184,puerto baquerizo moreno,-0.9,-89.6,23.99,91,5,3.78,EC,2024-01-01
185,rio gallegos,-51.6226,-69.2181,13.03,67,0,3.6,AR,2024-01-01
186,uturoa,-16.7333,-151.4333,27.83,80,94,4.59,PF,2024-01-01
187,atafu village,-8.5421,-172.5159,28.85,70,100,1.73,TK,2024-01-01
188,maktar,35.858,9.2007,7.43,63,100,1.74,TN,2024-01-01
189,greymouth,-42.4667,171.2,14.67,64,79,4.26,NZ,2024-01-01
190,plastun,44.7561,136.2939,-6.04,29,57,1.64,RU,2024-01-01
191,la ronge,55.1001,-105.2842,-3.86,80,75,1.54,CA,2024-01-01
192,susaki,33.3667,133.2833,13.04,48,5,1.69,JP,2024-01-01
193,prince rupert,54.3161,-130.3201,6.83,91,100,7.72,CA,2024-01-01
194,nandikotkur,15.8667,78.2667,25.02,53,36,2.96,IN,2024-01-01
195,port moresby,-9.4431,147.1797,33.68,62,40,5.14,PG,2024-01-01
196,tikhvin,59.6451,33.5294,-19.97,99,92,1.2,RU,2024-01-01
197,alice springs,-23.7,133.8833,34.75,10,94,2.57,AU,2024-01-01
198,mount pearl,47.5166,-52.7813,0.18,90,75,5.14,CA,2024-01-01
199,aasiaat,68.7098,-52.8699,-19.3,79,46,6.1,GL,2024-01-01
200,poltavka,54.3663,71.7632,-0.95,92,100,6.99,RU,2024-01-01
201,koryazhma,61.3143,47.1691,-27.83,99,56,1.86,RU,2024-01-01
202,nouadhibou,20.931,-17.0347,16.99,59,22,4.63,MR,2024-01-01
203,gamba,-2.65,10.0,24.83,91,94,3.53,GA,2024-01-01
204,odienne,9.51,-7.5692,19.05,21,4,0.31,CI,2024-01-01
205,farafangana,-22.8167,47.8333,24.52,93,100,3.22,MG,2024-01-01
206,udachny,66.4167,112.4,-24.18,99,100,1.11,RU,2024-01-01
207,ulladulla,-35.35,150.4667,23.11,72,86,6.0,AU,2024-01-01
208,qaqortoq,60.7167,-46.0333,-14.07,63,85,3.33,GL,2024-01-01
209,grand falls-windsor,48.9332,-55.6649,-1.94,89,11,0.45,CA,2024-01-01
210,shemysheyka,52.892,45.3928,-9.42,90,98,6.49,RU,2024-01-01
211,posto fiscal rolim de moura,-13.0833,-62.2667,23.03,98,100,1.15,BR,2024-01-01
212,beli,7.8587,10.9719,21.05,31,0,1.09,NG,2024-01-01
213,salinas,36.6777,-121.6555,11.15,91,0,0.45,US,2024-01-01
214,ampanihy,-24.7,44.75,24.62,84,100,3.18,MG,2024-01-01
215,rongelap,11.1635,166.8941,27.4,79,58,8.49,MH,2024-01-01
216,auki,-8.7676,160.7034,28.39,80,97,0.09,SB,2024-01-01
217,howard springs,-12.497,131.047,37.77,67,91,3.86,AU,2024-01-01
218,usogorsk,63.4106,48.6872,-29.07,100,73,1.98,RU,2024-01-01
219,port mathurin,-19.6833,63.4167,27.64,74,71,3.6,MU,2024-01-01
220,soriano nel cimino,42.4187,12.2334,9.69,95,98,2.24,IT,2024-01-01
221,dalandzadgad,43.5708,104.425,-4.93,48,39,2.93,MN,2024-01-01
222,astaneh-ye ashrafiyeh,37.2596,49.9444,6.96,76,100,1.05,IR,2024-01-01
223,hwange,-18.3693,26.5019,23.59,77,12,1.44,ZW,2024-01-01
224,leiyang,26.4024,112.8591,16.62,43,39,2.44,CN,2024-01-01
225,vorgashor,67.5833,63.95,-32.49,99,27,2.24,RU,2024-01-01
226,acarau,-2.8856,-40.12,26.1,83,100,1.51,BR,2024-01-01
227,holualoa,19.6228,-155.9522,23.91,70,0,6.17,US,2024-01-01
228,khuzdar,27.7384,66.6434,14.17,28,1,1.13,PK,2024-01-01
229,east london,-33.0153,27.9116,19.52,100,100,5.66,ZA,2024-01-01
230,vorkuta,67.5,64.0,-32.74,100,28,2.33,RU,2024-01-01
231,alta,69.9689,23.2717,-11.41,67,0,3.09,NO,2024-01-01
232,port blair,11.6667,92.75,29.02,70,20,4.63,IN,2024-01-01
233,sitangkai,4.6628,119.3928,28.2,77,89,2.17,PH,2024-01-01
234,ishpeming,46.4885,-87.6676,-4.98,93,100,3.21,US,2024-01-01
235,huilong,31.8111,121.655,7.59,55,21,2.57,CN,2024-01-01
236,santa terezinha,-29.9002,-50.0904,19.58,77,73,4.72,BR,2024-01-01
237,wanzleben,52.05,11.45,6.59,82,70,5.8,DE,2024-01-01
238,horta,38.5333,-28.6333,17.23,92,97,8.05,PT,2024-01-01
239,point vernon,-25.25,152.8167,24.5,89,100,2.24,AU,2024-01-01
240,shache,38.4167,77.2406,0.95,37,0,0.86,CN,2024-01-01
241,ust'-kut,56.7938,105.7672,-6.98,92,100,4.47,RU,2024-01-01
242,coeur d'alene,47.6777,-116.7805,2.58,86,68,0.45,US,2024-01-01
243,college,64.8569,-147.8028,-21.03,77,100,0.0,US,2024-01-01
244,sisimiut,66.9395,-53.6735,-8.75,60,85,6.24,GL,2024-01-01
245,kaa-khem,51.6833,94.7333,-17.55,96,99,0.41,RU,2024-01-01
246,pamandzi,-12.7967,45.2794,28.88,84,0,2.06,YT,2024-01-01
247,aswan,24.0934,32.907,14.61,51,0,3.03,EG,2024-01-01
248,vila franca do campo,37.7167,-25.4333,18.27,99,77,4.73,PT,2024-01-01
249,flying fish cove,-10.4217,105.6791,28.82,83,100,5.66,CX,2024-01-01
250,vilyuchinsk,52.9306,158.4028,-16.15,71,0,4.09,RU,2024-01-01
251,sterling,39.0062,-77.4286,5.62,74,40,0.0,US,2024-01-01
252,sawai madhopur,25.9833,76.3667,16.59,45,0,1.94,IN,2024-01-01
253,aroma,15.8167,36.1333,20.4,74,1,3.6,SD,2024-01-01
254,nhamunda,-2.1861,-56.7131,23.84,97,89,1.3,BR,2024-01-01
255,shimoda,34.6667,138.95,14.2,57,89,5.63,JP,2024-01-01
256,kingston,17.997,-76.7936,25.53,78,20,1.03,JM,2024-01-01
257,nago,26.5881,127.9761,21.24,61,72,4.63,JP,2024-01-01
258,saipan,15.1355,145.701,29.39,84,20,5.66,MP,2024-01-01
259,brookings,44.3114,-96.7984,-7.0,96,100,2.57,US,2024-01-01
260,kapuskasing,49.4169,-82.4331,-11.95,85,100,2.06,CA,2024-01-01
261,williams lake,52.1415,-122.1445,0.76,93,75,1.03,CA,2024-01-01
262,neryungri,56.6709,124.6491,-16.37,95,100,0.49,RU,2024-01-01
263,krasnogorskiy,54.6025,61.231,-0.71,84,75,6.54,RU,2024-01-01
264,pestravka,52.405,49.9583,0.04,96,100,7.88,RU,2024-01-01
265,devils lake,48.1128,-98.8651,-8.92,90,0,2.57,US,2024-01-01
266,hachinohe,40.5,141.5,-0.34,63,86,3.9,JP,2024-01-01
267,powell,40.1578,-83.0752,0.31,91,100,3.13,US,2024-01-01
268,trinity beach,-16.7888,145.6968,34.45,73,40,4.63,AU,2024-01-01
269,kasongo-lunda,-6.4667,16.8167,20.83,99,100,1.07,CD,2024-01-01
270,mildura,-34.2,142.15,35.6,29,80,1.79,AU,2024-01-01
271,san luis,-33.295,-66.3356,19.71,73,4,2.26,AR,2024-01-01
272,thinadhoo,0.5333,72.9333,27.54,79,89,4.38,MV,2024-01-01
273,tralee,52.2704,-9.7026,6.2,86,97,2.66,IE,2024-01-01
274,marinhais,39.0473,-8.7024,9.32,100,52,0.99,PT,2024-01-01
275,lakhdaria,36.5646,3.5933,7.04,49,100,1.67,DZ,2024-01-01
276,carnarvon,-24.8667,113.6333,27.42,62,1,9.2,AU,2024-01-01
277,trujillo,-8.116,-79.03,20.98,88,91,3.09,PE,2024-01-01
278,mishkino,55.3389,63.9175,0.54,98,100,6.34,RU,2024-01-01
279,verkhnevilyuysk,63.4453,120.3167,-20.36,98,100,1.22,RU,2024-01-01
280,nova vicosa,-17.8919,-39.3719,24.36,90,99,0.79,BR,2024-01-01
281,zhanaozen,43.3,52.8,3.82,86,18,4.47,KZ,2024-01-01
282,kailua-kona,19.6406,-155.9956,25.98,70,0,6.17,US,2024-01-01
283,san rafael,-34.6177,-68.3301,21.69,60,8,1.58,AR,2024-01-01
284,portland,45.5234,-122.6762,7.16,95,100,1.54,US,2024-01-01
285,vanimo,-2.6741,141.3028,29.1,75,82,2.8,PG,2024-01-01
286,arta,39.1606,20.9853,11.8,84,100,1.37,GR,2024-01-01
287,gorgan,36.8387,54.4348,12.6,48,100,1.06,IR,2024-01-01
288,carupano,10.6678,-63.2585,24.68,90,44,2.76,VE,2024-01-01
289,villa gesell,-37.2639,-56.973,18.36,59,100,4.3,AR,2024-01-01
290,moyale,3.5167,39.0584,24.62,41,60,2.97,KE,2024-01-01
291,chaozhou,23.6651,116.6379,21.93,55,63,1.57,CN,2024-01-01
292,conde,-7.2597,-34.9075,25.7,94,75,2.06,BR,2024-01-01
293,vadodara,22.3,73.2,21.98,73,0,2.57,IN,2024-01-01
294,nizhniy odes,63.6445,54.856,-30.26,98,88,2.7,RU,2024-01-01
295,hengchun,22.0042,120.7439,21.28,69,96,11.86,TW,2024-01-01
296,namibe,-15.1961,12.1522,21.15,74,66,3.8,AO,2024-01-01
297,melilla,35.2937,-2.9383,16.21,67,0,2.57,ES,2024-01-01
298,tahmoor,-34.2167,150.5833,22.69,85,100,2.93,AU,2024-01-01
299,kwangyang,34.9753,127.5892,9.16,52,32,0.57,KR,2024-01-01
300,barclayville,4.6797,-8.2339,25.65,89,70,1.84,LR,2024-01-01
301,twon-brass,4.3151,6.2418,27.84,78,4,2.81,NG,2024-01-01
302,rabo de peixe,37.8,-25.5833,17.77,99,75,5.66,PT,2024-01-01
303,longyearbyen,78.2186,15.6401,-4.09,74,75,4.12,SJ,2024-01-01
304,talakan,50.3167,130.3667,-14.94,75,100,3.29,RU,2024-01-01
305,timmins,48.4669,-81.3331,-11.1,79,100,1.03,CA,2024-01-01
306,valdivia,-39.8142,-73.2459,11.58,98,66,0.75,CL,2024-01-01
307,koubia,11.5833,-11.9,16.65,20,50,1.47,GN,2024-01-01
308,lihue,21.9789,-159.3672,22.58,68,0,3.09,US,2024-01-01
309,chibougamau,49.9168,-74.3659,-17.85,100,94,1.1,CA,2024-01-01
310,codrington,-38.2667,141.9667,19.02,70,100,7.06,AU,2024-01-01
311,vanino,49.0869,140.2543,-12.26,58,7,1.4,RU,2024-01-01
312,amungan,15.3652,119.9582,29.88,66,70,2.17,PH,2024-01-01
313,yanam,16.7333,82.2167,26.76,58,66,2.76,IN,2024-01-01
314,zaozersk,69.4005,32.4476,-19.97,100,92,2.67,RU,2024-01-01
315,huarmey,-10.0681,-78.1522,21.68,87,99,2.91,PE,2024-01-01
316,peace river,56.2501,-117.286,-1.06,82,12,1.04,CA,2024-01-01
317,cabugao,17.7931,120.4578,30.5,58,82,3.96,PH,2024-01-01
318,poso,-1.3959,120.7524,30.9,63,67,2.27,ID,2024-01-01
319,luganville,-15.5333,167.1667,28.15,82,100,5.03,VU,2024-01-01
320,coquimbo,-29.9533,-71.3436,16.95,82,5,1.99,CL,2024-01-01
321,tiadiaye,14.4167,-16.7,21.45,17,88,3.82,SN,2024-01-01
322,mangrol,21.1167,70.1167,24.35,36,0,5.33,IN,2024-01-01
323,cowansville,45.2001,-72.7491,-3.38,78,80,2.06,CA,2024-01-01
324,saint-pierre,-21.3393,55.4781,28.82,70,73,4.63,RE,2024-01-01
325,walvis bay,-22.9575,14.5053,17.69,75,0,1.06,NA,2024-01-01
326,ashland,40.8167,-82.2665,0.49,97,100,4.15,US,2024-01-01
327,burgersdorp,-30.9977,26.3286,16.35,69,6,5.1,ZA,2024-01-01
328,rio preto da eva,-2.6994,-59.6997,23.91,97,21,0.52,BR,2024-01-01
329,taoudenni,22.6783,-3.9836,16.08,22,0,4.08,ML,2024-01-01
330,northam,51.0333,-4.2167,8.67,80,72,8.81,GB,2024-01-01
331,georgetown,5.4112,100.3354,30.96,74,20,4.12,MY,2024-01-01
332,port-vila,-17.7338,168.3219,27.62,72,72,6.51,VU,2024-01-01
333,cururupu,-1.8283,-44.8683,23.52,96,95,0.93,BR,2024-01-01
334,meknes,33.9776,-5.525,12.42,45,100,1.35,MA,2024-01-01
335,choma,-16.8065,26.9531,19.76,81,90,1.2,ZM,2024-01-01
336,nizhneangarsk,55.7833,109.55,-11.11,95,100,0.45,RU,2024-01-01
337,mili,6.0815,171.735,28.04,80,8,7.78,MH,2024-01-01
338,tarko-sale,64.9225,77.785,-26.38,100,98,3.08,RU,2024-01-01
339,cedral,23.8,-100.7333,13.61,28,91,1.65,MX,2024-01-01
340,nyurba,63.2842,118.3319,-18.45,99,100,0.73,RU,2024-01-01
341,richards bay,-28.783,32.0377,23.96,88,56,3.13,ZA,2024-01-01
342,polyarnyy,69.1989,33.4478,-18.58,100,100,3.93,RU,2024-01-01
343,hasaki,35.7333,140.8333,14.05,48,1,10.53,JP,2024-01-01
344,nizhnesortymskiy,62.4397,71.7603,-32.38,100,50,2.24,RU,2024-01-01
345,merizo village,13.2658,144.6691,29.99,88,100,5.72,GU,2024-01-01
346,buka,40.8108,69.1986,6.48,40,57,0.3,UZ,2024-01-01
347,ust'-ilimsk,58.0006,102.6619,-9.2,83,100,4.02,RU,2024-01-01
348,korla,41.7597,86.1469,-2.11,57,29,1.93,CN,2024-01-01
349,mount isa,-20.7333,139.5,40.87,6,23,2.57,AU,2024-01-01
350,sena madureira,-9.0656,-68.6569,23.4,98,100,1.39,BR,2024-01-01
351,maragogi,-9.0122,-35.2225,25.33,84,9,2.41,BR,2024-01-01
352,ihosy,-22.4,46.1167,22.25,91,100,2.57,MG,2024-01-01
353,bridgetown,13.1,-59.6167,25.27,88,40,4.12,BB,2024-01-01
354,dubai,25.2582,55.3047,20.96,83,20,2.57,AE,2024-01-01
355,lupane,-18.9315,27.807,22.73,69,10,3.08,ZW,2024-01-01
356,salekhard,66.53,66.6019,-28.88,95,67,2.7,RU,2024-01-01
357,kill devil hills,36.0307,-75.676,7.77,85,0,2.57,US,2024-01-01
358,cedeira,43.6797,-8.0209,9.66,79,94,7.67,ES,2024-01-01
359,bardai,11.65,7.2333,15.42,27,1,4.13,NG,2024-01-01
360,tangalle,6.024,80.7911,26.09,71,100,2.89,LK,2024-01-01
361,belmonte,-15.8631,-38.8828,25.2,86,95,2.55,BR,2024-01-01
362,ulan bator,47.9077,106.8832,-17.93,78,11,1.0,MN,2024-01-01
363,akrehamn,59.2667,5.1833,4.14,48,75,13.38,NO,2024-01-01
364,las lomitas,-24.7096,-60.593,24.42,66,45,2.38,AR,2024-01-01
365,mirny,62.5353,113.9611,-20.27,100,92,1.4,RU,2024-01-01
366,anadyr,64.75,177.4833,-11.72,72,20,11.0,RU,2024-01-01
367,praia da vitoria,38.7333,-27.0667,17.09,95,96,8.58,PT,2024-01-01
368,juye,35.3947,116.0883,5.51,51,8,3.92,CN,2024-01-01
369,az zubayr,30.3945,47.7011,15.83,36,30,4.96,IQ,2024-01-01
370,mossel bay,-34.1831,22.146,18.96,85,84,7.97,ZA,2024-01-01
371,luanda,-8.8368,13.2343,24.84,81,100,2.41,AO,2024-01-01
372,tazovsky,67.4667,78.7,-31.3,95,46,4.24,RU,2024-01-01
373,isangel,-19.55,169.2667,28.0,69,77,6.09,VU,2024-01-01
374,las tablas,7.7667,-80.2833,24.54,99,98,6.34,PA,2024-01-01
375,luderitz,-26.6481,15.1594,18.86,73,0,1.07,NA,2024-01-01
376,kindu,-2.95,25.95,21.13,97,92,1.09,CD,2024-01-01
377,shihezi,44.3,86.0333,-0.32,75,52,2.3,CN,2024-01-01
378,barrouallie,13.2333,-61.2667,24.65,81,100,4.25,VC,2024-01-01
379,palembang,-2.9167,104.7458,29.05,79,75,4.12,ID,2024-01-01
380,tchibanga,-2.85,11.0333,22.35,97,100,0.72,GA,2024-01-01
381,mahdia,35.5047,11.0622,9.97,70,85,2.49,TN,2024-01-01
382,udayagiri,20.1333,84.3833,24.69,34,0,1.26,IN,2024-01-01
383,sheridan,44.8333,-106.9173,2.95,80,0,0.0,US,2024-01-01
384,tezu,27.9167,96.1667,23.52,29,2,1.67,IN,2024-01-01
385,saint augustine shores,29.8108,-81.3103,9.4,87,32,2.06,US,2024-01-01
386,dunedin,-45.8742,170.5036,12.67,91,72,1.79,NZ,2024-01-01
387,maddela,16.3414,121.6849,26.07,88,96,1.36,PH,2024-01-01
388,dabola,10.75,-11.1167,19.22,20,32,1.12,GN,2024-01-01
389,ar rahad,12.7167,30.65,16.42,33,3,2.9,SD,2024-01-01
390,palikir - national government center,6.9248,158.1611,28.41,84,75,3.6,FM,2024-01-01
391,marks,51.7111,46.7486,2.31,89,96,7.35,RU,2024-01-01
392,espinosa,-14.9261,-42.8192,20.9,92,100,1.2,BR,2024-01-01
393,shortandy,51.7006,70.9994,-0.48,97,100,9.38,KZ,2024-01-01
394,tome acu,-2.4189,-48.1522,22.93,98,79,1.06,BR,2024-01-01
395,happy valley-goose bay,53.3168,-60.3315,-13.92,79,15,3.68,CA,2024-01-01
396,ancud,-41.8697,-73.8203,11.23,94,86,1.47,CL,2024-01-01
397,suhbaatar,50.2314,106.2078,-15.27,88,83,1.72,MN,2024-01-01
398,xinzhou,38.4092,112.7333,-4.86,77,92,0.06,CN,2024-01-01
399,at-bashi,41.1702,75.8106,-9.53,65,90,0.23,KG,2024-01-01
400,kapa'a,22.0752,-159.319,22.99,67,0,3.09,US,2024-01-01
401,pimentel,-6.8367,-79.9342,22.16,88,0,6.17,PE,2024-01-01
402,igaci,-9.5369,-36.6336,23.14,85,6,2.45,BR,2024-01-01
403,labytnangi,66.6572,66.4183,-29.39,96,64,2.27,RU,2024-01-01
404,tan-tan,28.438,-11.1032,14.89,41,100,0.94,MA,2024-01-01
405,nova sintra,14.8667,-24.7167,22.63,59,100,4.35,CV,2024-01-01
406,yoloten,37.2989,62.3597,11.25,32,23,6.67,TM,2024-01-01
407,feltre,46.0235,11.907,6.75,89,100,2.11,IT,2024-01-01
408,pervomayskoye,43.919,46.7102,6.43,79,97,3.56,RU,2024-01-01
409,pacific grove,36.6177,-121.9166,10.92,88,0,2.57,US,2024-01-01
410,touros,-5.1989,-35.4608,26.1,82,84,2.32,BR,2024-01-01
411,sao joao da barra,-21.6403,-41.0511,22.48,85,92,3.45,BR,2024-01-01
412,lecheng,25.1238,113.3254,22.55,55,15,0.54,CN,2024-01-01
413,san andres,12.5847,-81.7006,27.01,89,20,4.12,CO,2024-01-01
414,braunlage,51.7333,10.6167,5.74,82,99,5.56,DE,2024-01-01
415,beyneu,45.3167,55.2,2.83,90,28,4.8,KZ,2024-01-01
416,punta del este,-34.9667,-54.95,16.65,78,0,3.09,UY,2024-01-01
417,muli,2.9167,73.5667,26.75,81,99,4.94,MV,2024-01-01
418,montepuez,-13.1256,38.9997,24.84,75,100,1.45,MZ,2024-01-01
419,mugia,43.1041,-9.2179,11.06,70,94,7.61,ES,2024-01-01
420,kachug,53.9606,105.8817,-7.19,90,100,0.89,RU,2024-01-01
421,inarajan village,13.2736,144.7484,30.22,88,100,5.67,GU,2024-01-01
422,nemuro,43.3236,145.575,-5.14,59,95,9.87,JP,2024-01-01
423,hadibu,12.65,54.0333,25.67,63,18,5.61,YE,2024-01-01
424,newman,37.3138,-121.0208,12.23,92,100,0.45,US,2024-01-01
425,kuruman,-27.4524,23.4325,18.33,56,0,4.26,ZA,2024-01-01
426,queenstown,-31.8976,26.8753,17.04,72,97,1.43,ZA,2024-01-01
427,pandan,14.0453,124.1694,28.48,72,50,3.94,PH,2024-01-01
428,crane,31.3974,-102.3501,7.7,53,3,6.31,US,2024-01-01
429,nabire,-3.3667,135.4833,29.75,74,78,2.18,ID,2024-01-01
430,susuman,62.7833,148.1667,-35.01,100,98,0.45,RU,2024-01-01
431,essaouira,31.5125,-9.77,16.77,49,95,1.64,MA,2024-01-01
432,katsuura,35.1333,140.3,13.01,41,0,7.9,JP,2024-01-01
433,mahina,-17.5065,-149.489,27.87,83,75,2.06,PF,2024-01-01
434,igarka,67.4667,86.5833,-24.41,98,100,4.23,RU,2024-01-01
435,talara,-4.5772,-81.2719,22.49,86,78,5.35,PE,2024-01-01
436,piti village,13.4626,144.6933,30.17,84,75,4.12,GU,2024-01-01
437,niort,46.3333,-0.3333,7.32,95,100,2.69,FR,2024-01-01
438,road town,18.4167,-64.6167,24.05,71,13,6.72,VG,2024-01-01
439,siatista,40.2619,21.5442,-0.12,86,64,1.48,GR,2024-01-01
440,lauro de freitas,-12.8944,-38.3272,26.01,89,20,2.06,BR,2024-01-01
441,mar del plata,-38.0023,-57.5575,21.64,67,100,2.68,AR,2024-01-01
442,mount gambier,-37.8333,140.7667,19.28,66,100,5.93,AU,2024-01-01
443,manaure,11.7751,-72.4445,25.56,82,3,5.99,CO,2024-01-01
444,porto novo,6.4965,2.6036,24.24,90,2,1.92,BJ,2024-01-01
445,narasannapeta,18.4167,84.05,24.87,58,5,1.89,IN,2024-01-01
446,qulsary,46.9531,54.0198,2.69,95,71,5.4,KZ,2024-01-01
447,cestos city,5.46,-9.5828,26.18,85,88,1.63,LR,2024-01-01
448,mandera,3.9366,41.867,28.01,45,82,3.95,KE,2024-01-01
449,rasht,37.2808,49.5832,6.9,100,75,2.06,IR,2024-01-01
450,ostersund,63.1792,14.6357,-9.75,92,100,3.6,SE,2024-01-01
451,ak-suu,42.4995,78.527,-3.16,69,88,0.96,KG,2024-01-01
452,nadym,65.5333,72.5167,-20.61,98,98,3.66,RU,2024-01-01
453,krasnoufimsk,56.6059,57.7669,-0.8,96,100,4.45,RU,2024-01-01
454,la passe,45.5549,-0.8967,8.13,80,100,4.83,FR,2024-01-01
455,akureyri,65.6835,-18.0878,0.62,98,100,4.39,IS,2024-01-01
456,hargeysa,9.56,44.065,17.07,54,19,5.47,SO,2024-01-01
457,port lincoln,-34.7333,135.8667,18.92,70,100,5.8,AU,2024-01-01
458,xinyuan,37.3,99.0,-4.47,19,0,6.17,CN,2024-01-01
459,long beach,33.767,-118.1892,14.11,90,75,1.34,US,2024-01-01
460,chetwayi,10.5333,76.05,28.95,55,56,5.62,IN,2024-01-01
461,dzhangala,49.2167,50.3333,1.85,81,44,7.86,KZ,2024-01-01
462,kananga,-5.8958,22.4178,20.17,97,100,0.62,CD,2024-01-01
463,mogadishu,2.0371,45.3438,26.27,76,7,7.18,SO,2024-01-01
464,macae,-22.3708,-41.7869,20.64,85,85,1.14,BR,2024-01-01
465,le port,-20.9373,55.2919,29.0,74,91,3.67,RE,2024-01-01
466,hotan,37.0997,79.9269,1.46,36,0,0.56,CN,2024-01-01
467,embu guacu,-23.8322,-46.8114,20.77,92,100,2.07,BR,2024-01-01
468,sydney,-33.8679,151.2073,24.09,73,75,7.72,AU,2024-01-01
469,bandarbeyla,9.4942,50.8122,25.21,68,21,8.38,SO,2024-01-01
470,kittila,67.6647,24.8936,-14.92,85,0,3.09,FI,2024-01-01
471,severobaykal'sk,55.65,109.3167,-10.83,94,100,0.31,RU,2024-01-01
472,micheweni,-4.9667,39.8333,29.2,76,27,3.77,TZ,2024-01-01
473,kupang,-10.1667,123.5833,33.32,70,20,4.12,ID,2024-01-01
474,terrasson-lavilledieu,45.1301,1.3014,8.87,99,100,1.24,FR,2024-01-01
475,harstad,68.799,16.5293,-9.87,80,74,2.93,NO,2024-01-01
476,sokoni,-6.4333,39.55,28.58,81,62,5.16,TZ,2024-01-01
477,delta,5.5,6.0,24.06,91,4,1.46,NG,2024-01-01
478,buncrana,55.1333,-7.45,5.42,84,76,5.38,IE,2024-01-01
479,pathein,16.7833,94.7333,28.68,41,83,3.26,MM,2024-01-01
480,caleta de carquin,-11.0925,-77.6267,21.45,87,86,3.8,PE,2024-01-01
481,jianshui,23.6363,102.8264,20.1,48,0,3.82,CN,2024-01-01
482,mayya,61.7333,130.2811,-38.38,97,100,2.21,RU,2024-01-01
483,puerto aysen,-45.4,-72.7,11.14,98,53,1.78,CL,2024-01-01
484,ocean shores,46.9737,-124.1563,6.12,96,100,4.63,US,2024-01-01
485,fada,9.5667,8.3,18.4,28,2,2.18,NG,2024-01-01
486,lycksele,64.5954,18.6735,-19.07,84,100,0.51,SE,2024-01-01
487,jiangyou,31.7667,104.7167,11.09,66,100,0.91,CN,2024-01-01
488,dakhla,23.6848,-15.958,18.6,47,64,3.49,EH,2024-01-01
489,tosontsengel,48.7567,98.2839,-18.07,81,94,1.09,MN,2024-01-01
490,siem reap,13.5,104.0,33.86,41,86,1.87,KH,2024-01-01
491,jackson,42.4165,-122.8345,7.7,88,0,0.0,US,2024-01-01
492,remire-montjoly,4.9167,-52.2667,23.02,94,20,0.0,GF,2024-01-01
493,weno,7.4515,151.8468,30.97,74,40,3.6,FM,2024-01-01
494,rawai,7.7797,98.3253,31.06,78,99,4.81,TH,2024-01-01
495,guadalupe y calvo,26.1,-106.9667,3.48,47,100,2.27,MX,2024-01-01
496,bam,29.106,58.357,15.01,33,5,0.23,IR,2024-01-01
497,ghat,24.9647,10.1728,11.7,26,0,1.22,LY,2024-01-01
498,bamboo flat,11.7,92.7167,29.05,70,20,4.63,IN,2024-01-01
499,youkounkoun,12.5333,-13.1333,20.07,19,59,1.07,GN,2024-01-01
500,yanbu,24.0891,38.0637,16.02,77,0,0.0,SA,2024-01-01
501,moraleja,40.0162,-6.6977,5.25,89,82,0.57,ES,2024-01-01
502,ola,59.5833,151.2833,-28.81,86,39,3.2,RU,2024-01-01
503,bangkalan,-7.0455,112.7351,32.97,66,94,2.32,ID,2024-01-01
504,callao,-12.0667,-77.15,23.73,78,75,7.72,PE,2024-01-01
505,chinde,26.8418,88.0763,8.17,44,0,2.48,NP,2024-01-01
506,crookston,47.7741,-96.6081,-6.94,93,100,4.12,US,2024-01-01
507,axim,4.8699,-2.2405,26.07,83,10,1.51,GH,2024-01-01
508,port alfred,-33.5906,26.891,20.63,90,100,11.16,ZA,2024-01-01
509,haapajarvi,63.75,25.3333,-23.71,99,9,1.45,FI,2024-01-01
510,santa maria,-29.6842,-53.8069,14.95,92,46,3.15,BR,2024-01-01
511,lerwick,60.1545,-1.1494,7.0,91,100,15.78,GB,2024-01-01
512,kavieng,-2.5744,150.7967,29.52,72,26,2.93,PG,2024-01-01
513,phuthaditjhaba,-28.5242,28.8158,16.82,70,0,1.12,ZA,2024-01-01
514,mantua,45.1667,10.7833,7.21,91,75,2.68,IT,2024-01-01
515,lower sackville,44.7733,-63.6885,-1.49,83,100,4.12,CA,2024-01-01
516,emerald,-23.5333,148.1667,31.86,47,59,2.2,AU,2024-01-01
517,luwuk,-0.9516,122.7875,30.34,75,88,0.96,ID,2024-01-01
518,owen sound,44.5672,-80.9435,-2.13,89,100,3.58,CA,2024-01-01
519,susanville,40.4163,-120.653,1.0,94,0,1.54,US,2024-01-01
520,keelung,25.1283,121.7419,18.94,58,97,5.38,TW,2024-01-01
521,pozanti,37.4278,34.8717,5.86,73,97,0.66,TR,2024-01-01
522,muravlenko,63.7898,74.523,-29.85,100,85,2.93,RU,2024-01-01
523,swift current,50.2834,-107.8014,-0.55,74,0,7.72,CA,2024-01-01
524,nagqu,31.5,92.0,-8.18,43,100,2.05,CN,2024-01-01
525,vila velha,-20.3297,-40.2925,23.3,86,75,4.92,BR,2024-01-01
526,fort st. john,56.2499,-120.8529,-5.36,91,51,1.47,CA,2024-01-01
527,souillac,-20.5167,57.5167,26.21,94,75,2.06,MU,2024-01-01
528,tokar,18.4254,37.729,23.86,61,47,4.45,SD,2024-01-01
529,salavan,15.7167,106.4167,33.51,38,44,0.6,LA,2024-01-01
530,ursulo galvan,22.7333,-98.3,20.11,84,100,0.76,MX,2024-01-01
531,pitimbu,-7.4706,-34.8086,26.33,77,38,2.21,BR,2024-01-01
532,orange park,30.1661,-81.7065,8.99,87,0,2.06,US,2024-01-01
533,meiktila,20.8667,95.8667,25.06,45,0,3.63,MM,2024-01-01
534,raja,8.4596,25.678,18.2,27,91,1.71,SS,2024-01-01
535,galesong,-5.3166,119.3661,32.01,71,73,2.33,ID,2024-01-01
536,mil'kovo,55.6078,37.7956,-9.2,72,100,5.38,RU,2024-01-01
537,sao vicente,-23.9631,-46.3919,24.1,26,97,0.45,BR,2024-01-01
538,beniganim,38.9536,-0.4454,12.58,69,100,2.24,ES,2024-01-01
539,kralendijk,12.15,-68.2667,25.99,83,36,4.63,BQ,2024-01-01
540,brokopondo,4.75,-55.1667,23.33,85,40,3.44,SR,2024-01-01
541,rosa zarate,0.3333,-79.4667,23.41,96,100,0.9,EC,2024-01-01
542,melendugno,40.2747,18.3368,12.81,93,75,1.54,IT,2024-01-01
543,saugor,23.8333,78.7167,21.22,38,0,3.06,IN,2024-01-01
544,oranjemund,-28.55,16.4333,18.72,86,0,0.41,NA,2024-01-01
545,milove,49.3787,40.1302,-0.15,85,52,5.77,UA,2024-01-01
546,ardestan,33.3761,52.3694,10.3,50,94,0.42,IR,2024-01-01
547,shitanjing,39.2342,106.3439,1.28,22,40,2.87,CN,2024-01-01
548,necocli,8.4234,-76.786,25.08,92,21,2.73,CO,2024-01-01
549,klishkivtsi,48.4316,26.2623,3.08,80,96,2.51,UA,2024-01-01
550,gap,44.6667,6.0,-6.2,93,91,2.83,FR,2024-01-01
551,pisco,-13.7,-76.2167,21.68,88,0,2.57,PE,2024-01-01
552,igrim,63.1906,64.4162,-34.87,97,28,1.61,RU,2024-01-01
553,eyl,7.9803,49.8164,24.82,68,21,7.73,SO,2024-01-01
554,pontianak,-0.0333,109.3333,31.99,66,40,1.54,ID,2024-01-01
555,inari,68.906,27.0288,-11.89,100,90,1.99,FI,2024-01-01
556,nakhon si thammarat,8.25,100.0,32.23,69,95,4.24,TH,2024-01-01
557,qurayyat,31.3318,37.3428,5.1,100,100,2.06,SA,2024-01-01
558,armacao de buzios,-22.7469,-41.8817,23.03,81,95,2.03,BR,2024-01-01
559,harnosand,62.6323,17.9379,-8.0,90,99,4.99,SE,2024-01-01
560,pont rouge,48.8833,-72.0825,-6.94,90,28,2.11,CA,2024-01-01
561,kirakira,-10.4544,161.9205,28.7,78,90,1.27,SB,2024-01-01
562,borogontsy,62.6683,131.1683,-32.04,97,99,2.87,RU,2024-01-01
563,turkeli,41.9476,34.3386,10.84,72,62,1.78,TR,2024-01-01
564,matias barbosa,-21.8692,-43.3194,18.8,97,100,1.0,BR,2024-01-01
565,kavaratti,10.5669,72.642,27.45,77,90,4.85,IN,2024-01-01
566,suwayr,30.1171,40.3893,10.52,75,15,0.97,SA,2024-01-01
567,dera bugti,29.0307,69.151,18.15,30,1,0.14,PK,2024-01-01
568,bloemfontein,-29.1211,26.214,17.87,68,0,4.3,ZA,2024-01-01
569,karratha,-20.7377,116.8463,39.89,25,10,6.8,AU,2024-01-01
570,minot air force base,48.4209,-101.3391,-4.9,81,0,5.14,US,2024-01-01
571,lakatoro,-16.0999,167.4164,29.05,74,98,4.87,VU,2024-01-01
572,bestobe,52.4994,73.0975,0.64,90,100,8.95,KZ,2024-01-01
573,fandriana,-20.2333,47.3833,21.34,85,100,0.05,MG,2024-01-01
574,bebedja,8.6761,16.566,20.15,31,0,1.88,TD,2024-01-01
575,khandyga,62.6667,135.6,-35.09,92,100,1.14,RU,2024-01-01
576,nantucket,41.2835,-70.0995,3.06,65,100,2.57,US,2024-01-01
577,al hufuf,25.3646,49.5653,17.19,100,75,1.54,SA,2024-01-01
578,srivardhan,18.0333,73.0167,29.04,34,3,0.14,IN,2024-01-01
579,rikaze,29.25,88.8833,1.75,24,0,0.3,CN,2024-01-01
580,garachico,28.7781,-17.7646,15.82,72,0,3.09,ES,2024-01-01
581,shalkar,47.8288,59.6258,1.54,78,98,5.45,KZ,2024-01-01
582,nurota,40.5614,65.6886,9.33,24,55,2.18,UZ,2024-01-01
583,jinchang,38.4953,102.1739,2.85,24,0,1.38,CN,2024-01-01
584,tortoli,39.9256,9.6572,13.9,67,20,6.17,IT,2024-01-01
585,badr hunayn,23.7829,38.7905,20.55,47,0,1.1,SA,2024-01-01
586,vadso,70.0744,29.7487,-10.51,79,20,6.17,NO,2024-01-01
587,chernyshkovskiy,48.4219,42.2308,0.51,85,7,6.48,RU,2024-01-01
588,axum,14.1245,38.7244,14.57,62,3,1.02,ET,2024-01-01
589,taro,-8.3862,115.28,28.0,72,95,0.72,ID,2024-01-01
590,al wafrah,28.6392,47.9306,15.64,49,43,3.7,KW,2024-01-01
591,colonia,50.9333,6.95,9.42,70,75,6.69,DE,2024-01-01
592,bokovskaya,49.229,41.8306,1.03,78,42,7.41,RU,2024-01-01
593,sint michiel liber,12.15,-68.9833,26.9,78,75,6.69,CW,2024-01-01
594,ariguani,10.25,-74.0,25.41,77,63,1.21,CO,2024-01-01
595,dabhoi,22.1833,73.4333,23.96,42,0,1.43,IN,2024-01-01
596,al mayadin,35.0209,40.4535,9.86,55,1,1.73,SY,2024-01-01
597,hexham,54.9699,-2.104,5.25,92,99,6.32,GB,2024-01-01
598,pirot,43.1531,22.5861,8.32,91,16,1.83,RS,2024-01-01
599,tanjung pandan,-2.75,107.65,26.59,86,100,2.76,ID,2024-01-01
600,yeppoon,-23.1333,150.7333,28.88,65,73,5.46,AU,2024-01-01
601,bozoum,6.3193,16.3799,18.66,38,1,1.17,CF,2024-01-01
602,gandajika,-6.75,23.95,20.28,96,100,0.67,CD,2024-01-01
603,americus,32.0724,-84.2327,7.77,76,20,2.57,US,2024-01-01
604,la cruz,23.9167,-106.9,18.84,78,100,1.53,MX,2024-01-01
605,alibag,18.6411,72.8792,29.04,39,1,1.1,IN,2024-01-01
606,bayanaul,50.7889,75.6956,-1.32,85,100,6.49,KZ,2024-01-01
607,sakata,38.9167,139.855,5.1,65,75,4.12,JP,2024-01-01
608,laoag,18.1989,120.5936,31.95,58,20,8.23,PH,2024-01-01
609,afaahiti,-17.75,-149.2833,26.93,82,88,3.08,PF,2024-01-01
610,la rinconada,37.4873,-5.9826,10.24,96,100,1.54,ES,2024-01-01
